Dataset,Model,Accuracy_mean,Accuracy_std,F1_mean,F1_std,ROC_AUC_mean,ROC_AUC_std
telco,Logistic Regression,0.8019,0.0116,0.5918,0.0298,0.846,0.0125
telco,k-NN (k=5),0.765,0.0071,0.5467,0.0156,0.7825,0.0065
telco,Naive Bayes,0.6965,0.0091,0.5973,0.0097,0.8214,0.0119
bank,Logistic Regression,0.9271,0.018,0.475,0.0278,0.9283,0.0178
bank,k-NN (k=5),0.924,0.0183,0.4167,0.0574,0.8379,0.0315
bank,Naive Bayes,0.8842,0.0269,0.3501,0.0787,0.8193,0.0474
ecom,Logistic Regression,0.882,0.0049,0.4966,0.0266,0.89,0.0139
ecom,k-NN (k=5),0.8764,0.0055,0.4959,0.0302,0.7863,0.0107
ecom,Naive Bayes,0.7949,0.0066,0.4836,0.0175,0.812,0.0091
